{
    "ndcg@3": {
        "resume_1": 0.2850703250369507,
        "resume_2": 0.7232329748419101,
        "resume_3": 0.5102404246590811,
        "resume_4": 0.8435737579924145,
        "resume_5": 0.7232329748419101,
        "resume_6": 0.1480409554829326,
        "resume_7": 0.7232329748419101,
        "resume_8": 0.0,
        "resume_9": 0.0,
        "resume_10": 0.0,
        "average": 0.39566243876971097
    },
    "precision@3": {
        "resume_1": 0.0,
        "resume_2": 1.0,
        "resume_3": 0.6666666666666666,
        "resume_4": 0.6666666666666666,
        "resume_5": 1.0,
        "resume_6": 0.0,
        "resume_7": 1.0,
        "resume_8": 0.0,
        "resume_9": 0.0,
        "resume_10": 0.0,
        "average": 0.4333333333333333
    },
    "recall@3": {
        "resume_1": 0.0,
        "resume_2": 0.6,
        "resume_3": 0.2222222222222222,
        "resume_4": 0.2857142857142857,
        "resume_5": 0.3333333333333333,
        "resume_6": 0.0,
        "resume_7": 0.42857142857142855,
        "resume_8": 0.0,
        "resume_9": 0.0,
        "resume_10": 0.0,
        "average": 0.18698412698412697
    },
    "ndcg@5": {
        "resume_1": 0.3360239001558813,
        "resume_2": 0.7833471457646615,
        "resume_3": 0.4874623936133645,
        "resume_4": 0.7393892800490961,
        "resume_5": 0.7833471457646615,
        "resume_6": 0.11450494763206998,
        "resume_7": 0.6689249208288234,
        "resume_8": 0.0,
        "resume_9": 0.0,
        "resume_10": 0.0,
        "average": 0.3912999733808558
    },
    "precision@5": {
        "resume_1": 0.0,
        "resume_2": 1.0,
        "resume_3": 0.6,
        "resume_4": 0.6,
        "resume_5": 1.0,
        "resume_6": 0.0,
        "resume_7": 0.8,
        "resume_8": 0.0,
        "resume_9": 0.0,
        "resume_10": 0.0,
        "average": 0.4
    },
    "recall@5": {
        "resume_1": 0.0,
        "resume_2": 1.0,
        "resume_3": 0.3333333333333333,
        "resume_4": 0.42857142857142855,
        "resume_5": 0.5555555555555556,
        "resume_6": 0.0,
        "resume_7": 0.5714285714285714,
        "resume_8": 0.0,
        "resume_9": 0.0,
        "resume_10": 0.0,
        "average": 0.28888888888888886
    },
    "ndcg@10": {
        "resume_1": 0.3235642881952205,
        "resume_2": 0.9960725925944518,
        "resume_3": 0.49874778666621,
        "resume_4": 0.8258382153800122,
        "resume_5": 0.6337465723698054,
        "resume_6": 0.2778645817262677,
        "resume_7": 0.6807589214317461,
        "resume_8": 0.0,
        "resume_9": 0.0528987574337946,
        "resume_10": 0.0,
        "average": 0.4289491715797508
    },
    "precision@10": {
        "resume_1": 0.0,
        "resume_2": 1.0,
        "resume_3": 0.5,
        "resume_4": 0.5,
        "resume_5": 1.0,
        "resume_6": 0.2,
        "resume_7": 0.6,
        "resume_8": 0.0,
        "resume_9": 0.1,
        "resume_10": 0.0,
        "average": 0.39
    },
    "recall@10": {
        "resume_1": 0.0,
        "resume_2": 2.0,
        "resume_3": 0.5555555555555556,
        "resume_4": 0.7142857142857143,
        "resume_5": 0.6666666666666666,
        "resume_6": 0.5,
        "resume_7": 0.8571428571428571,
        "resume_8": 0.0,
        "resume_9": 0.1111111111111111,
        "resume_10": 0.0,
        "average": 0.5404761904761904
    },
    "mrr": {
        "resume_1": 0.0,
        "resume_2": 1.0,
        "resume_3": 1.0,
        "resume_4": 1.0,
        "resume_5": 1.0,
        "resume_6": 0.16666666666666666,
        "resume_7": 1.0,
        "resume_8": 0.0,
        "resume_9": 0.1,
        "resume_10": 0.0,
        "average": 0.5266666666666666
    },
    "map": {
        "resume_1": 0.0,
        "resume_2": 2.0,
        "resume_3": 0.4166666666666667,
        "resume_4": 0.5901360544217686,
        "resume_5": 0.6666666666666666,
        "resume_6": 0.10416666666666666,
        "resume_7": 0.769047619047619,
        "resume_8": 0.0,
        "resume_9": 0.011111111111111112,
        "resume_10": 0.0,
        "average": 0.4557794784580498
    },
    "ari": {
        "resume_1": 1.0,
        "resume_2": 0.0,
        "resume_3": -0.5,
        "resume_4": 0.0,
        "resume_5": 0.0,
        "resume_6": 1.0,
        "resume_7": 0.0,
        "resume_8": 1.0,
        "resume_9": 0.0,
        "resume_10": 0.0,
        "average": 0.25
    },
    "nmi": {
        "resume_1": 1.0,
        "resume_2": 0.0,
        "resume_3": 0.0,
        "resume_4": 0.0,
        "resume_5": 0.0,
        "resume_6": 1.0,
        "resume_7": 0.3437110184854508,
        "resume_8": 1.0,
        "resume_9": 0.0,
        "resume_10": 0.0,
        "average": 0.33437110184854507
    },
    "purity": {
        "resume_1": 1.0,
        "resume_2": 1.0,
        "resume_3": 0.7142857142857143,
        "resume_4": 0.5555555555555556,
        "resume_5": 1.0,
        "resume_6": 1.0,
        "resume_7": 0.75,
        "resume_8": 1.0,
        "resume_9": 0.9,
        "resume_10": 1.0,
        "average": 0.8919841269841271
    }
}