{
    "total_cvs": 17,
    "average_similarity": 73.31999969482422,
    "highest_avg_similarity": 81.38999938964844,
    "lowest_avg_similarity": 64.56999969482422,
    "highest_individual_match": 82.22,
    "lowest_individual_match": 63.32,
    "standard_deviation": 4.869999885559082
}