{
    "ndcg@3": {
        "resume_1": 1.084849462262865,
        "resume_2": 0.5,
        "resume_3": 0.7039180890341348,
        "resume_4": 0.35195904451706733,
        "resume_5": 0.23463936301137825,
        "resume_6": 0.0,
        "resume_7": 0.10706810063236014,
        "resume_8": 0.33333333333333337,
        "resume_9": 0.0,
        "resume_10": 0.0986939703219551,
        "average": 0.34144613631130943
    },
    "precision@3": {
        "resume_1": 1.0,
        "resume_2": 1.0,
        "resume_3": 0.6666666666666666,
        "resume_4": 0.6666666666666666,
        "resume_5": 0.3333333333333333,
        "resume_6": 0.0,
        "resume_7": 0.3333333333333333,
        "resume_8": 1.0,
        "resume_9": 0.0,
        "resume_10": 0.3333333333333333,
        "average": 0.5333333333333333
    },
    "recall@3": {
        "resume_1": 0.2727272727272727,
        "resume_2": 0.25,
        "resume_3": 0.1111111111111111,
        "resume_4": 0.18181818181818182,
        "resume_5": 0.06666666666666667,
        "resume_6": 0.0,
        "resume_7": 0.07142857142857142,
        "resume_8": 0.1875,
        "resume_9": 0.0,
        "resume_10": 0.06666666666666667,
        "average": 0.12079184704184705
    },
    "ndcg@5": {
        "resume_1": 1.238675720764866,
        "resume_2": 0.5351041935991797,
        "resume_3": 0.7860137352654724,
        "resume_4": 0.42059924596710974,
        "resume_5": 0.1773358924761597,
        "resume_6": 0.0,
        "resume_7": 0.14252671155314414,
        "resume_8": 0.36727889243339085,
        "resume_9": 0.13120507751234178,
        "resume_10": 0.07859263830765566,
        "average": 0.38773321078793205
    },
    "precision@5": {
        "resume_1": 1.0,
        "resume_2": 1.0,
        "resume_3": 0.8,
        "resume_4": 0.8,
        "resume_5": 0.2,
        "resume_6": 0.0,
        "resume_7": 0.4,
        "resume_8": 1.0,
        "resume_9": 0.2,
        "resume_10": 0.25,
        "average": 0.5650000000000001
    },
    "recall@5": {
        "resume_1": 0.45454545454545453,
        "resume_2": 0.4166666666666667,
        "resume_3": 0.2222222222222222,
        "resume_4": 0.36363636363636365,
        "resume_5": 0.06666666666666667,
        "resume_6": 0.0,
        "resume_7": 0.14285714285714285,
        "resume_8": 0.3125,
        "resume_9": 0.06666666666666667,
        "resume_10": 0.06666666666666667,
        "average": 0.211242784992785
    },
    "ndcg@10": {
        "resume_1": 1.3386829509168852,
        "resume_2": 0.5950733128173282,
        "resume_3": 0.870858729289285,
        "resume_4": 0.5412241477960693,
        "resume_5": 0.36115880612263057,
        "resume_6": 0.0,
        "resume_7": 0.15465901318204905,
        "resume_8": 0.3792544254389509,
        "resume_9": 0.29013250069238633,
        "resume_10": 0.05936512115657068,
        "average": 0.45904090074121545
    },
    "precision@10": {
        "resume_1": 0.8,
        "resume_2": 0.9,
        "resume_3": 0.8,
        "resume_4": 0.8,
        "resume_5": 0.4,
        "resume_6": 0.0,
        "resume_7": 0.3,
        "resume_8": 0.9,
        "resume_9": 0.375,
        "resume_10": 0.25,
        "average": 0.5525
    },
    "recall@10": {
        "resume_1": 0.7272727272727273,
        "resume_2": 0.75,
        "resume_3": 0.4444444444444444,
        "resume_4": 0.7272727272727273,
        "resume_5": 0.26666666666666666,
        "resume_6": 0.0,
        "resume_7": 0.21428571428571427,
        "resume_8": 0.5625,
        "resume_9": 0.2,
        "resume_10": 0.06666666666666667,
        "average": 0.3959108946608947
    },
    "mrr": {
        "resume_1": 1.0,
        "resume_2": 1.0,
        "resume_3": 1.0,
        "resume_4": 1.0,
        "resume_5": 0.3333333333333333,
        "resume_6": 0.0,
        "resume_7": 0.5,
        "resume_8": 1.0,
        "resume_9": 0.2,
        "resume_10": 0.5,
        "average": 0.6533333333333333
    },
    "map": {
        "resume_1": 0.6928210678210678,
        "resume_2": 0.7324074074074075,
        "resume_3": 0.3602733686067019,
        "resume_4": 0.568975468975469,
        "resume_5": 0.09907407407407406,
        "resume_6": 0.0,
        "resume_7": 0.09489795918367347,
        "resume_8": 0.5625,
        "resume_9": 0.06412698412698412,
        "resume_10": 0.03333333333333333,
        "average": 0.3208409663528711
    },
    "ari": {
        "resume_1": 0.0,
        "resume_2": 0.0,
        "resume_3": 0.0,
        "resume_4": 0.0,
        "resume_5": 0.0,
        "resume_6": 1.0,
        "resume_7": -0.5,
        "resume_8": 0.0,
        "resume_9": 0.0,
        "resume_10": 0.0,
        "average": 0.05
    },
    "nmi": {
        "resume_1": 0.0,
        "resume_2": 0.0,
        "resume_3": 0.0,
        "resume_4": 0.0,
        "resume_5": 0.0,
        "resume_6": 1.0,
        "resume_7": 0.2740175421212811,
        "resume_8": 0.0,
        "resume_9": 0.3437110184854508,
        "resume_10": 0.0,
        "average": 0.1617728560606732
    },
    "purity": {
        "resume_1": 1.0,
        "resume_2": 1.0,
        "resume_3": 1.0,
        "resume_4": 0.875,
        "resume_5": 0.5,
        "resume_6": 1.0,
        "resume_7": 0.7142857142857143,
        "resume_8": 1.0,
        "resume_9": 0.75,
        "resume_10": 0.75,
        "average": 0.8589285714285715
    }
}